primary_category,n,mean_happiness,median_happiness,std_happiness,se_mean,ci95_low,ci95_high,mean_coverage,median_coverage
cs.CV,180,5.483456708013626,5.484143393393399,0.09443305735630413,0.007038624519061086,5.469661003956266,5.497252412070986,0.6957933266616328,0.6959742351046698
cs.CL,142,5.4773574053299,5.475887955182076,0.09289509020745766,0.007795582797938778,5.46207806304594,5.49263674761386,0.7228360844479628,0.7247349479622605
physics.soc-ph,135,5.451866188350486,5.454935064935069,0.09115359942887237,0.007845252722997435,5.436489493013411,5.467242883687561,0.7792144062187935,0.7777777777777778
q-bio.NC,131,5.44818835805175,5.457880794701988,0.11054351436116433,0.009658231693491698,5.429258223932506,5.467118492170994,0.7225098053475469,0.7241379310344828
cs.AI,73,5.431913077267133,5.4539325842696655,0.11640219786810241,0.01362384677463369,5.4052103375888505,5.458615816945415,0.730179190548719,0.736
stat.ML,79,5.414182890576492,5.444166666666668,0.10018030357112047,0.011271164745896378,5.392091407674535,5.436274373478449,0.7348031474422093,0.7362637362637363
